id,name
4ac05620-4d3e-43a1-b576-79343fa6a227,Aaron Thomas
6e0bec07-3038-4c7d-9e56-7afdfb6f4fa9,Carol Johnson
6f061dcd-e1b4-497d-9fb2-bf77d08d3a28,Carol Lee
c79fa3d9-17d6-493a-bab0-4abdf496e3cf,Daniel Davis
f12ee39f-6f88-4cd7-b198-6fbac628f5ce,Daniel Jackson
f197edb2-a989-493a-9d46-ed1e574924bd,Daniel Moore
7dee86cc-290d-4c1e-92a3-0eddbe5a6734,Emily Gardner
7086ecde-aa91-4931-b74b-e874d375a78f,Emily James
594414d5-6eeb-4cf2-8170-7436952d6c81,Frank White
bb3aaac1-4fbf-4ce7-9bc6-b4b399357a58,Grace Brown
3bf0f74b-9604-4e29-a6dc-aaff6bd3bdca,Henry Davis
b6725452-aeb1-4861-aa2d-112e5786ead1,Henry Gardner
be0123ac-7d6d-4395-b60e-2b3670abde57,Henry King
70d6e6b7-9e89-4c35-ba85-69fc7e0576b8,Isabel Baker
43c58aa7-608c-467c-9eb7-a7a1df379355,Isabel Davis
f92099a1-16de-4bb7-a2d4-236546032673,Isabel Moore
870e9b45-22b3-4f0e-98d1-09e3c0d69720,Isabel White
062a7341-eef3-44a6-8751-4ff882aec4eb,Jack King
715a2420-21ff-47c9-988f-262a0a57daa1,Jessica Harris
b33cf18a-2cd9-41e5-924f-511750ad9922,Jessica Martin
497dba31-28f0-4d6e-8a02-f23bdb048684,Jessica Taylor
f2c85272-1868-4221-8be0-4037e9b5bff5,Jessica Thomas
738f6d63-01fa-4fea-a40f-5e5831384e16,Liam Scott
095e7e21-cfbc-4de8-9487-5535f324f6eb,Liam White
e7b3da18-dd8e-498b-90c0-f9ec0f5eaec5,Maria Johnson
54757990-6364-4b70-91ff-ac6ad80af613,Maria Martin
d5edcc19-a8c4-4736-a8a5-89058ef034dc,Maria Scott
bc2d9a75-0263-4200-bb72-40f0a561fe7f,Maria Thomas
156fff47-91d6-4435-8f4f-e5efa974a0c2,Maria Wilson
e92e912d-cb4f-40e8-b3db-db1197b75936,Noah Anderson
20693c92-f95a-47af-b0e7-bc9c7d0eb0cd,Olivia Jackson
e4db1628-4ede-4ae7-b41b-a426482637e3,Olivia Thomas
06af5e65-93c0-4ea0-8772-6f5a68ac65f0,Paul Walker
165e4457-5b2b-4a70-9ce8-35deb8b5997f,Quinn Baker
df405ae9-4cd8-4469-9aaa-e9ceb37081d4,Quinn Thomas
ebda8ca8-bbb0-4671-8aff-f4f115c9ac00,Rachel Martin
907ce702-87b3-43ff-802c-f5b98748f708,Rachel Smith
3e30e07a-27d9-43f8-a579-42596766b38d,Sam Brown
13098d23-06e6-4ce1-b8be-b26ba7a6b091,Sam James
707f49e8-1da7-4f4a-807f-3beafecd34a9,Tina Anderson
5373b015-c404-4ded-922a-c091df353e4d,Umar Baker
b85e7c7b-a69d-4765-adf7-b4e2bfc662ac,Umar Hall
f7f0bc18-d97a-4f33-9f09-905e9fb7037d,Umar Jackson
8b52583d-5046-449f-839e-180b3f1b7c1f,Umar Jackson
44ce0ebb-2692-49e0-9e9d-91e6abd0e504,Vera Gardner
1e445c70-a726-4020-b373-aca4a00eccbb,Vera Martin
52e64d17-315b-4cea-9652-fc447795ff87,Vera Scott
be787479-9ef8-4eb3-9b47-9b6af7cff922,Vera Wilson
1ee1bbfd-81eb-44fd-8489-01196b3c25af,Vera Wright
93587265-3ca9-488d-8fcf-9c224e8bed3f,Wade Davis
11accc48-128e-48da-80e2-61a8e7e17458,Wade Green
8b577148-b94d-4e20-a5e9-e498c280604a,Wade James
e0d118dc-f489-4007-a4da-8b1aa23cb111,Wade Johnson
8548e548-944f-4fec-b05a-0dcd65757ff3,Wade Moore
a3008411-4df7-47cf-b95d-972a185e4018,Xena Green
ccab99b8-f47b-466d-ab14-28a30c46f6eb,Zoe Baker
969637dd-a735-43c0-9136-c67a20bac364,Zoe Hall
60746067-4216-4243-915f-174b959c8656,Zoe James
9ddf98e4-545d-427c-8620-7d1d3d7631bb,Zoe Martin
001ccb5e-5124-47ce-a173-207f4da29efe,Zoe Young
